Make,Model,Year,Color,Vin,Cyl,Price,Type
DODGE,DART,2015,Fanthom Blue,71716DDA92167,4,16495.00,COMPACT
DODGE,DART,2015,Pomegranate Pearl,40893DDA40710,4,16495.00,COMPACT
DODGE,DART,2015,Blue Metallic,68855DDA35677,4,16495.00,COMPACT
DODGE,DART,2015,Pewter Metallic,57654DDA38355,4,16495.00,COMPACT
DODGE,DART,2015,Siren Red,84645DDA83303,4,16495.00,COMPACT
DODGE,DART,2015,Pomegranate Pearl,19454DDA46129,4,16495.00,COMPACT
DODGE,DART,2015,Pitch Black Metallic,91003DDA19369,4,16495.00,COMPACT
DODGE,DART,2015,Red Rock Metallic,53002DDA53337,4,16495.00,COMPACT
DODGE,DART,2015,Sable Metallic,22500DDA37200,4,16495.00,COMPACT
DODGE,DART,2015,Red Rock Metallic,14861DDA42330,4,16495.00,COMPACT
DODGE,DART,2015,Basque Red Pearl,28435DDA86557,4,16495.00,COMPACT
DODGE,DART,2015,Red Rock Metallic,43351DDA46116,4,16495.00,COMPACT
DODGE,DART,2015,Blue Metallic,47604DDA66935,4,16495.00,COMPACT
DODGE,DART,2015,Fanthom Blue,51962DDA18560,4,16495.00,COMPACT
DODGE,DART,2015,Blue Metallic,51816DDA85062,4,16495.00,COMPACT
DODGE,DART,2015,Silver Ice Metallic,17828DDA68376,4,16495.00,COMPACT
DODGE,DART,2015,Siren Red,31036DDA60513,4,16495.00,COMPACT
DODGE,DART,2015,Red Rock Metallic,29042DDA20337,4,16495.00,COMPACT
DODGE,DART,2015,Siren Red,69251DDA42812,4,16495.00,COMPACT
DODGE,DART,2015,Silver Ice Metallic,29764DDA93384,4,16495.00,COMPACT
DODGE,DART,2015,Pewter Metallic,43319DDA73409,4,16495.00,COMPACT
DODGE,DART,2015,Jazz Blue,93139DDA97089,4,16495.00,COMPACT
DODGE,DART,2015,Red Rock Metallic,83235DDA19716,4,16495.00,COMPACT
DODGE,DART,2015,Pewter Metallic,48996DDA46649,4,16495.00,COMPACT
DODGE,DART,2015,Tungsten Metallic,91198DDA53508,4,16495.00,COMPACT
DODGE,DART,2015,Basque Red Pearl,90417DDA21988,4,16495.00,COMPACT
DODGE,DART,2015,Fanthom Blue,86099DDA97631,4,16495.00,COMPACT
DODGE,DART,2015,Pitch Black Metallic,24443DDA88411,4,16495.00,COMPACT
DODGE,DART,2015,Siren Red,96584DDA93719,4,16495.00,COMPACT
DODGE,DART,2015,White Pearl,44190DDA94428,4,16495.00,COMPACT
DODGE,DART,2015,Sable Metallic,82430DDA12636,4,16495.00,COMPACT
DODGE,DART,2015,Silver Ice Metallic,62299DDA63121,4,16495.00,COMPACT
DODGE,DART,2015,Jazz Blue,11969DDA85786,4,16495.00,COMPACT
DODGE,DART,2015,Basque Red Pearl,39115DDA85961,4,16495.00,COMPACT
DODGE,DART,2015,Pitch Black Metallic,96400DDA95709,4,16495.00,COMPACT
DODGE,DART,2015,Tungsten Metallic,34876DDA60305,4,16495.00,COMPACT
DODGE,DART,2015,Tungsten Metallic,56193DDA51272,4,16495.00,COMPACT
DODGE,DART,2015,Silver Ice Metallic,25583DDA89044,4,16495.00,COMPACT
DODGE,DART,2015,Pitch Black Metallic,40841DDA71315,4,16495.00,COMPACT
DODGE,DART,2015,Granite Crystal Metallic,20540DDA76817,4,16495.00,COMPACT
DODGE,DART,2015,Sable Metallic,84504DDA40434,4,16495.00,COMPACT
DODGE,DART,2015,Sable Metallic,77550DDA97580,4,16495.00,COMPACT
DODGE,DART,2015,Silver Ice Metallic,21925DDA84094,4,16495.00,COMPACT
DODGE,DART,2015,Siren Red,76302DDA52521,4,16495.00,COMPACT
DODGE,DART,2015,Pomegranate Pearl,14875DDA71300,4,16495.00,COMPACT
DODGE,DART,2015,Sable Metallic,25464DDA52646,4,16495.00,COMPACT
DODGE,DART,2015,White Pearl,47183DDA86915,4,16495.00,COMPACT
DODGE,DART,2015,Jazz Blue,87449DDA38435,4,16495.00,COMPACT
DODGE,DART,2015,Granite Crystal Metallic,20182DDA27609,4,16495.00,COMPACT
DODGE,DART,2015,Basque Red Pearl,18863DDA49572,4,16495.00,COMPACT
DODGE,DART,2015,Blue Metallic,35228DDA70122,4,16495.00,COMPACT
DODGE,DART,2015,Tungsten Metallic,74619DDA45701,4,16495.00,COMPACT
DODGE,DART,2015,Tungsten Metallic,23739DDA76281,4,16495.00,COMPACT
DODGE,DART,2015,Fanthom Blue,84177DDA62779,4,16495.00,COMPACT
DODGE,DART,2015,Silver Ice Metallic,48325DDA70524,4,16495.00,COMPACT
DODGE,DART,2015,Basque Red Pearl,66382DDA84337,4,16495.00,COMPACT
DODGE,DART,2015,Granite Crystal Metallic,35795DDA31961,4,16495.00,COMPACT
DODGE,DART,2015,White Pearl,25174DDA47257,4,16495.00,COMPACT
DODGE,DART,2015,Pewter Metallic,25910DDA11684,4,16495.00,COMPACT
DODGE,DART,2015,Siren Red,79387DDA17779,4,16495.00,COMPACT
DODGE,DART,2015,Jazz Blue,21416DDA63855,4,16495.00,COMPACT
DODGE,DART,2015,Tungsten Metallic,59911DDA79516,4,16495.00,COMPACT
DODGE,DART,2015,Pewter Metallic,32457DDA97878,4,16495.00,COMPACT
DODGE,DART,2015,Jazz Blue,83287DDA41780,4,16495.00,COMPACT
DODGE,DART,2015,Fanthom Blue,16428DDA99892,4,16495.00,COMPACT
DODGE,DART,2015,Pitch Black Metallic,11665DDA48825,4,16495.00,COMPACT
DODGE,DART,2015,Fanthom Blue,43985DDA77855,4,16495.00,COMPACT
DODGE,DART,2015,Fanthom Blue,90871DDA91031,4,16495.00,COMPACT
DODGE,DART,2015,Pomegranate Pearl,65702DDA92935,4,16495.00,COMPACT
DODGE,DART,2015,Sable Metallic,82451DDA36732,4,16495.00,COMPACT
DODGE,DART,2015,Blue Metallic,67931DDA85851,4,16495.00,COMPACT
DODGE,DART,2015,White Pearl,45635DDA84683,4,16495.00,COMPACT
DODGE,DART,2015,Pewter Metallic,39653DDA97194,4,16495.00,COMPACT
DODGE,DART,2015,Pomegranate Pearl,18322DDA80223,4,16495.00,COMPACT
DODGE,DART,2015,Jazz Blue,11572DDA41660,4,16495.00,COMPACT
DODGE,DART,2015,Granite Crystal Metallic,35705DDA61869,4,16495.00,COMPACT
DODGE,DART,2015,Siren Red,56987DDA60109,4,16495.00,COMPACT
DODGE,DART,2015,Jazz Blue,97401DDA47890,4,16495.00,COMPACT
DODGE,DART,2015,Tungsten Metallic,66296DDA11937,4,16495.00,COMPACT
DODGE,DART,2015,White Pearl,41862DDA12758,4,16495.00,COMPACT
DODGE,DART,2015,Red Rock Metallic,89045DDA61822,4,16495.00,COMPACT
DODGE,DART,2015,White Pearl,14916DDA17517,4,16495.00,COMPACT
DODGE,DART,2015,White Pearl,26274DDA15527,4,16495.00,COMPACT
DODGE,DART,2015,Blue Metallic,45994DDA88425,4,16495.00,COMPACT
DODGE,DART,2015,Pomegranate Pearl,53847DDA78475,4,16495.00,COMPACT
DODGE,DART,2015,Granite Crystal Metallic,94297DDA66709,4,16495.00,COMPACT
DODGE,DART,2015,Red Rock Metallic,50345DDA67222,4,16495.00,COMPACT
DODGE,DART,2015,Basque Red Pearl,86873DDA80648,4,16495.00,COMPACT
DODGE,DART,2015,Sable Metallic,52058DDA42910,4,16495.00,COMPACT
DODGE,DART,2015,Pewter Metallic,14674DDA30051,4,16495.00,COMPACT
DODGE,DART,2015,Sable Metallic,62455DDA24112,4,16495.00,COMPACT
DODGE,DART,2015,Siren Red,39508DDA83422,4,16495.00,COMPACT
DODGE,DART,2015,Blue Metallic,49179DDA13181,4,16495.00,COMPACT
DODGE,DART,2015,Red Rock Metallic,23870DDA59928,4,16495.00,COMPACT
DODGE,DART,2015,Silver Ice Metallic,20634DDA58968,4,16495.00,COMPACT
DODGE,DART,2015,Silver Ice Metallic,55043DDA53129,4,16495.00,COMPACT
DODGE,DART,2015,Basque Red Pearl,81029DDA92158,4,16495.00,COMPACT
DODGE,DART,2015,Granite Crystal Metallic,81569DDA69732,4,16495.00,COMPACT
DODGE,DART,2015,Pitch Black Metallic,25667DDA14645,4,16495.00,COMPACT
DODGE,DART,2015,Pomegranate Pearl,21549DDA26189,4,16495.00,COMPACT
FORD,FIESTA,2015,Siren Red,29495FFI60640,4,13965.00,COMPACT
FORD,FIESTA,2015,Fanthom Blue,96527FFI67176,4,13965.00,COMPACT
FORD,FIESTA,2015,Red Rock Metallic,23821FFI47651,4,13965.00,COMPACT
FORD,FIESTA,2015,Siren Red,44181FFI17950,4,13965.00,COMPACT
FORD,FIESTA,2015,Basque Red Pearl,86848FFI88365,4,13965.00,COMPACT
FORD,FIESTA,2015,Blue Metallic,86904FFI52675,4,13965.00,COMPACT
FORD,FIESTA,2015,White Pearl,39180FFI60263,4,13965.00,COMPACT
FORD,FIESTA,2015,Fanthom Blue,73594FFI60397,4,13965.00,COMPACT
FORD,FIESTA,2015,Red Rock Metallic,75209FFI22435,4,13965.00,COMPACT
FORD,FIESTA,2015,Tungsten Metallic,63365FFI80136,4,13965.00,COMPACT
FORD,FIESTA,2015,Basque Red Pearl,62751FFI34317,4,13965.00,COMPACT
FORD,FIESTA,2015,Jazz Blue,84900FFI31414,4,13965.00,COMPACT
FORD,FIESTA,2015,Jazz Blue,82587FFI64862,4,13965.00,COMPACT
FORD,FIESTA,2015,Blue Metallic,54283FFI15405,4,13965.00,COMPACT
FORD,FIESTA,2015,Basque Red Pearl,80559FFI73708,4,13965.00,COMPACT
FORD,FIESTA,2015,White Pearl,88167FFI59042,4,13965.00,COMPACT
FORD,FIESTA,2015,Pitch Black Metallic,96120FFI98070,4,13965.00,COMPACT
FORD,FIESTA,2015,Blue Metallic,93176FFI78174,4,13965.00,COMPACT
FORD,FIESTA,2015,Jazz Blue,93317FFI75178,4,13965.00,COMPACT
FORD,FIESTA,2015,Tungsten Metallic,36846FFI20255,4,13965.00,COMPACT
FORD,FIESTA,2015,Basque Red Pearl,85934FFI36004,4,13965.00,COMPACT
FORD,FIESTA,2015,Red Rock Metallic,61401FFI39057,4,13965.00,COMPACT
FORD,FIESTA,2015,Jazz Blue,46802FFI63108,4,13965.00,COMPACT
FORD,FIESTA,2015,Blue Metallic,13890FFI64283,4,13965.00,COMPACT
FORD,FIESTA,2015,Pitch Black Metallic,70142FFI36924,4,13965.00,COMPACT
FORD,FIESTA,2015,Siren Red,24505FFI66929,4,13965.00,COMPACT
FORD,FIESTA,2015,Pewter Metallic,53374FFI29041,4,13965.00,COMPACT
FORD,FIESTA,2015,Granite Crystal Metallic,30265FFI46129,4,13965.00,COMPACT
FORD,FIESTA,2015,Silver Ice Metallic,56942FFI19527,4,13965.00,COMPACT
FORD,FIESTA,2015,White Pearl,37144FFI32540,4,13965.00,COMPACT
FORD,FIESTA,2015,Pitch Black Metallic,24563FFI34486,4,13965.00,COMPACT
FORD,FIESTA,2015,Silver Ice Metallic,38773FFI47230,4,13965.00,COMPACT
FORD,FIESTA,2015,White Pearl,20307FFI82382,4,13965.00,COMPACT
FORD,FIESTA,2015,Pomegranate Pearl,50551FFI29904,4,13965.00,COMPACT
FORD,FIESTA,2015,Tungsten Metallic,29210FFI67512,4,13965.00,COMPACT
FORD,FIESTA,2015,Granite Crystal Metallic,95826FFI81224,4,13965.00,COMPACT
FORD,FIESTA,2015,Red Rock Metallic,15348FFI98310,4,13965.00,COMPACT
FORD,FIESTA,2015,Granite Crystal Metallic,22032FFI71577,4,13965.00,COMPACT
FORD,FIESTA,2015,Sable Metallic,28268FFI72096,4,13965.00,COMPACT
FORD,FIESTA,2015,Fanthom Blue,78936FFI90700,4,13965.00,COMPACT
FORD,FIESTA,2015,Pomegranate Pearl,66120FFI37664,4,13965.00,COMPACT
FORD,FIESTA,2015,Pewter Metallic,23949FFI82494,4,13965.00,COMPACT
FORD,FIESTA,2015,Fanthom Blue,89120FFI88285,4,13965.00,COMPACT
FORD,FIESTA,2015,Red Rock Metallic,97401FFI85765,4,13965.00,COMPACT
FORD,FIESTA,2015,Blue Metallic,22994FFI75166,4,13965.00,COMPACT
FORD,FIESTA,2015,Silver Ice Metallic,46403FFI77160,4,13965.00,COMPACT
FORD,FIESTA,2015,Jazz Blue,33941FFI46603,4,13965.00,COMPACT
FORD,FIESTA,2015,Pomegranate Pearl,46577FFI63314,4,13965.00,COMPACT
FORD,FIESTA,2015,Sable Metallic,12404FFI38582,4,13965.00,COMPACT
FORD,FIESTA,2015,Fanthom Blue,71491FFI97025,4,13965.00,COMPACT
FORD,FIESTA,2015,Sable Metallic,39318FFI85022,4,13965.00,COMPACT
FORD,FIESTA,2015,Tungsten Metallic,60933FFI77612,4,13965.00,COMPACT
FORD,FIESTA,2015,Fanthom Blue,52970FFI50036,4,13965.00,COMPACT
FORD,FIESTA,2015,Pomegranate Pearl,38937FFI43874,4,13965.00,COMPACT
FORD,FIESTA,2015,Fanthom Blue,78656FFI95941,4,13965.00,COMPACT
FORD,FIESTA,2015,Sable Metallic,58701FFI23005,4,13965.00,COMPACT
FORD,FIESTA,2015,Basque Red Pearl,42263FFI57833,4,13965.00,COMPACT
FORD,FIESTA,2015,Pitch Black Metallic,73851FFI78584,4,13965.00,COMPACT
FORD,FIESTA,2015,Blue Metallic,78821FFI55213,4,13965.00,COMPACT
FORD,FIESTA,2015,Sable Metallic,58500FFI50970,4,13965.00,COMPACT
FORD,FIESTA,2015,Siren Red,13615FFI28675,4,13965.00,COMPACT
FORD,FIESTA,2015,Jazz Blue,34219FFI89490,4,13965.00,COMPACT
FORD,FIESTA,2015,Silver Ice Metallic,80125FFI15365,4,13965.00,COMPACT
FORD,FIESTA,2015,Blue Metallic,16023FFI62846,4,13965.00,COMPACT
FORD,FIESTA,2015,Silver Ice Metallic,59763FFI68840,4,13965.00,COMPACT
FORD,FIESTA,2015,Blue Metallic,92161FFI14252,4,13965.00,COMPACT
FORD,FIESTA,2015,Sable Metallic,82525FFI28805,4,13965.00,COMPACT
FORD,FIESTA,2015,Pomegranate Pearl,61159FFI45514,4,13965.00,COMPACT
FORD,FIESTA,2015,Red Rock Metallic,28430FFI63282,4,13965.00,COMPACT
FORD,FIESTA,2015,White Pearl,72676FFI64121,4,13965.00,COMPACT
FORD,FIESTA,2015,Granite Crystal Metallic,27923FFI40691,4,13965.00,COMPACT
FORD,FIESTA,2015,Basque Red Pearl,95616FFI51249,4,13965.00,COMPACT
FORD,FIESTA,2015,Pewter Metallic,81619FFI61875,4,13965.00,COMPACT
FORD,FIESTA,2015,Tungsten Metallic,22383FFI71681,4,13965.00,COMPACT
FORD,FIESTA,2015,Jazz Blue,45517FFI43435,4,13965.00,COMPACT
FORD,FIESTA,2015,Granite Crystal Metallic,39641FFI99916,4,13965.00,COMPACT
FORD,FIESTA,2015,Red Rock Metallic,29935FFI67091,4,13965.00,COMPACT
FORD,FIESTA,2015,Pewter Metallic,19332FFI20048,4,13965.00,COMPACT
FORD,FIESTA,2015,Sable Metallic,61114FFI46078,4,13965.00,COMPACT
FORD,FIESTA,2015,Basque Red Pearl,77965FFI54471,4,13965.00,COMPACT
FORD,FIESTA,2015,Pewter Metallic,73367FFI57864,4,13965.00,COMPACT
FORD,FIESTA,2015,Pitch Black Metallic,69410FFI78657,4,13965.00,COMPACT
FORD,FIESTA,2015,Tungsten Metallic,12339FFI95253,4,13965.00,COMPACT
FORD,FIESTA,2015,Tungsten Metallic,84120FFI54529,4,13965.00,COMPACT
FORD,FIESTA,2015,Pitch Black Metallic,90812FFI43700,4,13965.00,COMPACT
FORD,FIESTA,2015,White Pearl,21196FFI83758,4,13965.00,COMPACT
FORD,FIESTA,2015,Siren Red,28288FFI88922,4,13965.00,COMPACT
FORD,FIESTA,2015,Siren Red,28005FFI44677,4,13965.00,COMPACT
FORD,FIESTA,2015,Granite Crystal Metallic,26586FFI49896,4,13965.00,COMPACT
FORD,FIESTA,2015,Pomegranate Pearl,96514FFI40516,4,13965.00,COMPACT
FORD,FIESTA,2015,Silver Ice Metallic,52719FFI36309,4,13965.00,COMPACT
FORD,FIESTA,2015,Pitch Black Metallic,14760FFI86222,4,13965.00,COMPACT
FORD,FIESTA,2015,White Pearl,91697FFI54743,4,13965.00,COMPACT
FORD,FIESTA,2015,Pomegranate Pearl,72317FFI33527,4,13965.00,COMPACT
FORD,FIESTA,2015,Silver Ice Metallic,99283FFI38139,4,13965.00,COMPACT
FORD,FIESTA,2015,Tungsten Metallic,21283FFI94947,4,13965.00,COMPACT
FORD,FIESTA,2015,Siren Red,69657FFI76827,4,13965.00,COMPACT
FORD,FIESTA,2015,Granite Crystal Metallic,65178FFI90419,4,13965.00,COMPACT
FORD,FIESTA,2015,Pewter Metallic,67228FFI13592,4,13965.00,COMPACT
FORD,FIESTA,2015,Pewter Metallic,73311FFI99186,4,13965.00,COMPACT
DODGE,CHARGER,2015,Sable Metallic,90128DCA89617,6,27995.00,MID
DODGE,CHARGER,2015,Sable Metallic,77029DCA44275,6,27995.00,MID
DODGE,CHARGER,2015,White Pearl,91758DCA52569,6,27995.00,MID
DODGE,CHARGER,2015,Jazz Blue,97985DCA64327,6,27995.00,MID
DODGE,CHARGER,2015,Basque Red Pearl,87208FFI41786,6,27995.00,MID
DODGE,CHARGER,2015,Red Rock Metallic,88537DCA30093,6,27995.00,MID
DODGE,CHARGER,2015,Siren Red,20435DCA81356,6,27995.00,MID
DODGE,CHARGER,2015,Siren Red,33593DCA67621,6,27995.00,MID
DODGE,CHARGER,2015,Siren Red,27442DCA19858,6,27995.00,MID
DODGE,CHARGER,2015,Granite Crystal Metallic,93121DCA72507,6,27995.00,MID
DODGE,CHARGER,2015,Sable Metallic,68579FFI12312,6,27995.00,MID
DODGE,CHARGER,2015,Tungsten Metallic,92201FFI97847,6,27995.00,MID
DODGE,CHARGER,2015,Sable Metallic,98750DCA22606,6,27995.00,MID
DODGE,CHARGER,2015,Jazz Blue,24635DCA71912,6,27995.00,MID
DODGE,CHARGER,2015,Red Rock Metallic,56948DCA27890,6,27995.00,MID
DODGE,CHARGER,2015,Siren Red,55002DCA65828,6,27995.00,MID
DODGE,CHARGER,2015,Siren Red,18054DCA59752,6,27995.00,MID
DODGE,CHARGER,2015,White Pearl,80664DCA25904,6,27995.00,MID
DODGE,CHARGER,2015,Blue Metallic,31113DCA46874,6,27995.00,MID
DODGE,CHARGER,2015,Silver Ice Metallic,52778DCA21030,6,27995.00,MID
DODGE,CHARGER,2015,Pewter Metallic,63517FFI43143,6,27995.00,MID
DODGE,CHARGER,2015,Silver Ice Metallic,87896DCA45098,6,27995.00,MID
DODGE,CHARGER,2015,Blue Metallic,51902FFI83938,6,27995.00,MID
DODGE,CHARGER,2015,Sable Metallic,89313DCA20168,6,27995.00,MID
DODGE,CHARGER,2015,Jazz Blue,67726FFI83456,6,27995.00,MID
DODGE,CHARGER,2015,Red Rock Metallic,14751FFI55184,6,27995.00,MID
DODGE,CHARGER,2015,Tungsten Metallic,77064DCA49775,6,27995.00,MID
DODGE,CHARGER,2015,Fanthom Blue,87851DCA61762,6,27995.00,MID
DODGE,CHARGER,2015,Red Rock Metallic,80731DCA37604,6,27995.00,MID
DODGE,CHARGER,2015,Basque Red Pearl,18545DCA31486,6,27995.00,MID
DODGE,CHARGER,2015,White Pearl,11192FFI13871,6,27995.00,MID
DODGE,CHARGER,2015,Silver Ice Metallic,99288DCA33183,6,27995.00,MID
DODGE,CHARGER,2015,Fanthom Blue,85673DCA53689,6,27995.00,MID
DODGE,CHARGER,2015,Fanthom Blue,14061DCA86531,6,27995.00,MID
DODGE,CHARGER,2015,Pewter Metallic,55806DCA22793,6,27995.00,MID
DODGE,CHARGER,2015,Granite Crystal Metallic,12364FFI13376,6,27995.00,MID
DODGE,CHARGER,2015,Pomegranate Pearl,85590DCA43251,6,27995.00,MID
DODGE,CHARGER,2015,Pomegranate Pearl,44541FFI77315,6,27995.00,MID
DODGE,CHARGER,2015,Sable Metallic,84919DCA92080,6,27995.00,MID
DODGE,CHARGER,2015,Pitch Black Metallic,70736DCA39309,6,27995.00,MID
DODGE,CHARGER,2015,Blue Metallic,81775DCA89895,6,27995.00,MID
DODGE,CHARGER,2015,White Pearl,79869DCA74857,6,27995.00,MID
DODGE,CHARGER,2015,Basque Red Pearl,59411DCA24708,6,27995.00,MID
DODGE,CHARGER,2015,Jazz Blue,13325DCA33897,6,27995.00,MID
DODGE,CHARGER,2015,Red Rock Metallic,52455DCA94246,6,27995.00,MID
DODGE,CHARGER,2015,Granite Crystal Metallic,67029DCA69929,6,27995.00,MID
DODGE,CHARGER,2015,Fanthom Blue,23043DCA54323,6,27995.00,MID
DODGE,CHARGER,2015,Jazz Blue,56438DCA35021,6,27995.00,MID
DODGE,CHARGER,2015,Pitch Black Metallic,87302DCA39466,6,27995.00,MID
DODGE,CHARGER,2015,Pewter Metallic,22143DCA23880,6,27995.00,MID
DODGE,CHARGER,2015,Basque Red Pearl,95936DCA54526,6,27995.00,MID
DODGE,CHARGER,2015,Pitch Black Metallic,30996DCA61619,6,27995.00,MID
DODGE,CHARGER,2015,Sable Metallic,43737DCA81092,6,27995.00,MID
DODGE,CHARGER,2015,Basque Red Pearl,15384DCA64416,6,27995.00,MID
DODGE,CHARGER,2015,Tungsten Metallic,53467DCA40119,6,27995.00,MID
DODGE,CHARGER,2015,Fanthom Blue,50507DCA21833,6,27995.00,MID
DODGE,CHARGER,2015,Silver Ice Metallic,84735DCA80134,6,27995.00,MID
DODGE,CHARGER,2015,Pomegranate Pearl,64091DCA99559,6,27995.00,MID
DODGE,CHARGER,2015,Pomegranate Pearl,56429DCA36313,6,27995.00,MID
DODGE,CHARGER,2015,Blue Metallic,70408DCA56334,6,27995.00,MID
DODGE,CHARGER,2015,Silver Ice Metallic,72203DCA99936,6,27995.00,MID
DODGE,CHARGER,2015,Pewter Metallic,47699DCA43804,6,27995.00,MID
DODGE,CHARGER,2015,Silver Ice Metallic,42812DCA45633,6,27995.00,MID
DODGE,CHARGER,2015,Blue Metallic,13877DCA64044,6,27995.00,MID
DODGE,CHARGER,2015,Blue Metallic,48805DCA87021,6,27995.00,MID
DODGE,CHARGER,2015,Tungsten Metallic,78648DCA38158,6,27995.00,MID
DODGE,CHARGER,2015,Tungsten Metallic,44183DCA74548,6,27995.00,MID
DODGE,CHARGER,2015,Blue Metallic,93897DCA26482,6,27995.00,MID
DODGE,CHARGER,2015,Red Rock Metallic,80312DCA40652,6,27995.00,MID
DODGE,CHARGER,2015,Pomegranate Pearl,41592DCA95734,6,27995.00,MID
DODGE,CHARGER,2015,Pewter Metallic,85595DCA16371,6,27995.00,MID
DODGE,CHARGER,2015,White Pearl,60190DCA58791,6,27995.00,MID
DODGE,CHARGER,2015,Fanthom Blue,48750DCA36012,6,27995.00,MID
DODGE,CHARGER,2015,Pitch Black Metallic,27411FFI58400,6,27995.00,MID
DODGE,CHARGER,2015,Pitch Black Metallic,13698DCA46571,6,27995.00,MID
DODGE,CHARGER,2015,Silver Ice Metallic,78546FFI80022,6,27995.00,MID
DODGE,CHARGER,2015,Basque Red Pearl,81119DCA28352,6,27995.00,MID
DODGE,CHARGER,2015,White Pearl,28763DCA65716,6,27995.00,MID
DODGE,CHARGER,2015,Pewter Metallic,77829DCA77470,6,27995.00,MID
DODGE,CHARGER,2015,Pomegranate Pearl,63094DCA53774,6,27995.00,MID
DODGE,CHARGER,2015,Fanthom Blue,75510FFI51244,6,27995.00,MID
DODGE,CHARGER,2015,Tungsten Metallic,35343DCA16236,6,27995.00,MID
DODGE,CHARGER,2015,Granite Crystal Metallic,80152DCA80507,6,27995.00,MID
DODGE,CHARGER,2015,Pomegranate Pearl,86812DCA14153,6,27995.00,MID
DODGE,CHARGER,2015,Pitch Black Metallic,85823DCA54261,6,27995.00,MID
DODGE,CHARGER,2015,Granite Crystal Metallic,79512DCA16135,6,27995.00,MID
DODGE,CHARGER,2015,White Pearl,69705DCA48055,6,27995.00,MID
DODGE,CHARGER,2015,Blue Metallic,14245DCA92183,6,27995.00,MID
DODGE,CHARGER,2015,Tungsten Metallic,58970DCA27938,6,27995.00,MID
DODGE,CHARGER,2015,Pewter Metallic,66538DCA75112,6,27995.00,MID
DODGE,CHARGER,2015,Siren Red,44374FFI86704,6,27995.00,MID
DODGE,CHARGER,2015,Granite Crystal Metallic,18569DCA69346,6,27995.00,MID
DODGE,CHARGER,2015,Granite Crystal Metallic,41701DCA70060,6,27995.00,MID
DODGE,CHARGER,2015,Basque Red Pearl,92079DCA70412,6,27995.00,MID
DODGE,CHARGER,2015,Jazz Blue,95935DCA86387,6,27995.00,MID
DODGE,CHARGER,2015,Pitch Black Metallic,46094DCA97796,6,27995.00,MID
DODGE,CHARGER,2015,Red Rock Metallic,70234DCA67642,6,27995.00,MID
DODGE,CHARGER,2015,Jazz Blue,76989DCA93211,6,27995.00,MID
DODGE,CHARGER,2015,Jazz Blue,97010DCA65114,6,27995.00,MID
DODGE,CHARGER,2015,Siren Red,50596DCA43305,6,27995.00,MID
FORD,FUSION,2015,Basque Red Pearl,12573FFU79285,6,28235.00,MID
FORD,FUSION,2015,White Pearl,81892FFU22945,6,28235.00,MID
FORD,FUSION,2015,Tungsten Metallic,49292FFU68586,6,28235.00,MID
FORD,FUSION,2015,Pitch Black Metallic,84594FFU66039,6,28235.00,MID
FORD,FUSION,2015,Pomegranate Pearl,65133FFU16735,6,28235.00,MID
FORD,FUSION,2015,Blue Metallic,79087FFU52461,6,28235.00,MID
FORD,FUSION,2015,Tungsten Metallic,22772FFU47135,6,28235.00,MID
FORD,FUSION,2015,Jazz Blue,94985FFU69166,6,28235.00,MID
FORD,FUSION,2015,Basque Red Pearl,86652FFU98215,6,28235.00,MID
FORD,FUSION,2015,Pomegranate Pearl,45127FFU81032,6,28235.00,MID
FORD,FUSION,2015,Siren Red,89977FFU79580,6,28235.00,MID
FORD,FUSION,2015,Blue Metallic,49810FFU54541,6,28235.00,MID
FORD,FUSION,2015,Silver Ice Metallic,70343FFU34525,6,28235.00,MID
FORD,FUSION,2015,Basque Red Pearl,74542FFU78719,6,28235.00,MID
FORD,FUSION,2015,Pitch Black Metallic,58983FFU48777,6,28235.00,MID
FORD,FUSION,2015,Tungsten Metallic,81984FFU58571,6,28235.00,MID
FORD,FUSION,2015,Pewter Metallic,19324FFU69595,6,28235.00,MID
FORD,FUSION,2015,Red Rock Metallic,16316FFU67316,6,28235.00,MID
FORD,FUSION,2015,Red Rock Metallic,43455FFU33592,6,28235.00,MID
FORD,FUSION,2015,Jazz Blue,91291FFU81251,6,28235.00,MID
FORD,FUSION,2015,Blue Metallic,24592FFU25843,6,28235.00,MID
FORD,FUSION,2015,White Pearl,96260FFU84431,6,28235.00,MID
FORD,FUSION,2015,Sable Metallic,93064FFU72227,6,28235.00,MID
FORD,FUSION,2015,White Pearl,53647FFU62725,6,28235.00,MID
FORD,FUSION,2015,Siren Red,44111FFU11950,6,28235.00,MID
FORD,FUSION,2015,Silver Ice Metallic,18978FFU25075,6,28235.00,MID
FORD,FUSION,2015,Jazz Blue,43494FFU27311,6,28235.00,MID
FORD,FUSION,2015,Basque Red Pearl,52902FFU25689,6,28235.00,MID
FORD,FUSION,2015,Granite Crystal Metallic,23620FFU84217,6,28235.00,MID
FORD,FUSION,2015,Tungsten Metallic,51789FFU70312,6,28235.00,MID
FORD,FUSION,2015,Sable Metallic,16018FFU57161,6,28235.00,MID
FORD,FUSION,2015,Fanthom Blue,29813FFU19117,6,28235.00,MID
FORD,FUSION,2015,White Pearl,31330FFU38279,6,28235.00,MID
FORD,FUSION,2015,Granite Crystal Metallic,67504FFU90449,6,28235.00,MID
FORD,FUSION,2015,Sable Metallic,20141FFU92771,6,28235.00,MID
FORD,FUSION,2015,Pitch Black Metallic,65815FFU44783,6,28235.00,MID
FORD,FUSION,2015,Red Rock Metallic,89146FFU43253,6,28235.00,MID
FORD,FUSION,2015,Fanthom Blue,19193FFU78605,6,28235.00,MID
FORD,FUSION,2015,Fanthom Blue,20045FFU51750,6,28235.00,MID
FORD,FUSION,2015,Sable Metallic,11436FFU88133,6,28235.00,MID
FORD,FUSION,2015,Tungsten Metallic,43433FFU30696,6,28235.00,MID
FORD,FUSION,2015,Silver Ice Metallic,74656FFU44093,6,28235.00,MID
FORD,FUSION,2015,Pomegranate Pearl,68051FFU58675,6,28235.00,MID
FORD,FUSION,2015,Jazz Blue,12181FFU81665,6,28235.00,MID
FORD,FUSION,2015,Granite Crystal Metallic,47507FFU69743,6,28235.00,MID
FORD,FUSION,2015,Pewter Metallic,78388FFU64355,6,28235.00,MID
FORD,FUSION,2015,Sable Metallic,84519FFU72712,6,28235.00,MID
FORD,FUSION,2015,Siren Red,35093FFU88221,6,28235.00,MID
FORD,FUSION,2015,Blue Metallic,83789FFU84737,6,28235.00,MID
FORD,FUSION,2015,Granite Crystal Metallic,40666FFU31359,6,28235.00,MID
FORD,FUSION,2015,Pitch Black Metallic,80367FFU35333,6,28235.00,MID
FORD,FUSION,2015,Siren Red,22911FFU40990,6,28235.00,MID
FORD,FUSION,2015,Pewter Metallic,16659FFU98770,6,28235.00,MID
FORD,FUSION,2015,Sable Metallic,35857FFU20987,6,28235.00,MID
FORD,FUSION,2015,Jazz Blue,88197FFU55756,6,28235.00,MID
FORD,FUSION,2015,Silver Ice Metallic,48996FFU80530,6,28235.00,MID
FORD,FUSION,2015,White Pearl,40484FFU37649,6,28235.00,MID
FORD,FUSION,2015,Blue Metallic,51736FFU80749,6,28235.00,MID
FORD,FUSION,2015,Fanthom Blue,33218FFU24966,6,28235.00,MID
FORD,FUSION,2015,Pewter Metallic,81603FFU58921,6,28235.00,MID
FORD,FUSION,2015,Fanthom Blue,93549FFU88465,6,28235.00,MID
FORD,FUSION,2015,Blue Metallic,14991FFU36982,6,28235.00,MID
FORD,FUSION,2015,Fanthom Blue,49725FFU97528,6,28235.00,MID
FORD,FUSION,2015,Jazz Blue,97123FFU15148,6,28235.00,MID
FORD,FUSION,2015,Pomegranate Pearl,79812FFU49643,6,28235.00,MID
FORD,FUSION,2015,Pewter Metallic,35301FFU56106,6,28235.00,MID
FORD,FUSION,2015,Red Rock Metallic,15539FFU97248,6,28235.00,MID
FORD,FUSION,2015,White Pearl,61204FFU61082,6,28235.00,MID
FORD,FUSION,2015,Jazz Blue,97000FFU37721,6,28235.00,MID
FORD,FUSION,2015,Red Rock Metallic,40979FFU67208,6,28235.00,MID
FORD,FUSION,2015,Siren Red,28004FFU88813,6,28235.00,MID
FORD,FUSION,2015,Jazz Blue,18097FFU99337,6,28235.00,MID
FORD,FUSION,2015,Silver Ice Metallic,17668FFU40524,6,28235.00,MID
FORD,FUSION,2015,Tungsten Metallic,46630FFU72034,6,28235.00,MID
FORD,FUSION,2015,Basque Red Pearl,98002FFU79435,6,28235.00,MID
FORD,FUSION,2015,Sable Metallic,68882FFU22344,6,28235.00,MID
FORD,FUSION,2015,Tungsten Metallic,50810FFU46897,6,28235.00,MID
FORD,FUSION,2015,Siren Red,35554FFU30855,6,28235.00,MID
FORD,FUSION,2015,Silver Ice Metallic,86377FFU22257,6,28235.00,MID
FORD,FUSION,2015,White Pearl,36164FFU59118,6,28235.00,MID
FORD,FUSION,2015,Pitch Black Metallic,72346FFU55575,6,28235.00,MID
FORD,FUSION,2015,Pomegranate Pearl,70313FFU80407,6,28235.00,MID
FORD,FUSION,2015,Fanthom Blue,12769FFU91528,6,28235.00,MID
FORD,FUSION,2015,Granite Crystal Metallic,72438FFU16902,6,28235.00,MID
FORD,FUSION,2015,Pitch Black Metallic,90495FFU89087,6,28235.00,MID
FORD,FUSION,2015,Siren Red,78900FFU84590,6,28235.00,MID
FORD,FUSION,2015,Pomegranate Pearl,25761FFU42255,6,28235.00,MID
FORD,FUSION,2015,Pitch Black Metallic,82300FFU83199,6,28235.00,MID
FORD,FUSION,2015,Pewter Metallic,75461FFU18200,6,28235.00,MID
FORD,FUSION,2015,Basque Red Pearl,33466FFU74091,6,28235.00,MID
FORD,FUSION,2015,Basque Red Pearl,85996FFU73264,6,28235.00,MID
FORD,FUSION,2015,Pitch Black Metallic,18198FFU33510,6,28235.00,MID
FORD,FUSION,2015,Pewter Metallic,73060FFU48542,6,28235.00,MID
FORD,FUSION,2015,Granite Crystal Metallic,69543FFU98022,6,28235.00,MID
FORD,FUSION,2015,Blue Metallic,35887FFU96115,6,28235.00,MID
FORD,FUSION,2015,Red Rock Metallic,74477FFU34601,6,28235.00,MID
FORD,FUSION,2015,Pomegranate Pearl,39371FFU94346,6,28235.00,MID
FORD,FUSION,2015,Red Rock Metallic,11880FFU68668,6,28235.00,MID
FORD,FUSION,2015,Granite Crystal Metallic,70207FFU42718,6,28235.00,MID
FORD,FUSION,2015,Silver Ice Metallic,89539FFU93248,6,28235.00,MID
FORD,FOCUS,2015,Red Rock Metallic,92165FFO82472,4,17170.00,SMALL
FORD,FOCUS,2015,Basque Red Pearl,59051FFO21810,4,17170.00,SMALL
FORD,FOCUS,2015,Tungsten Metallic,46709FFO60839,4,17170.00,SMALL
FORD,FOCUS,2015,Tungsten Metallic,49911FFO41871,4,17170.00,SMALL
FORD,FOCUS,2015,Tungsten Metallic,54999FFO72293,4,17170.00,SMALL
FORD,FOCUS,2015,Siren Red,53984FFO21586,4,17170.00,SMALL
FORD,FOCUS,2015,Sable Metallic,34222FFO53993,4,17170.00,SMALL
FORD,FOCUS,2015,White Pearl,12324FFO69178,4,17170.00,SMALL
FORD,FOCUS,2015,Blue Metallic,57486FFO20544,4,17170.00,SMALL
FORD,FOCUS,2015,Pewter Metallic,20758FFO74671,4,17170.00,SMALL
FORD,FOCUS,2015,Pitch Black Metallic,78425FFO80077,4,17170.00,SMALL
FORD,FOCUS,2015,White Pearl,45552FFO16198,4,17170.00,SMALL
FORD,FOCUS,2015,Sable Metallic,61510FFO13378,4,17170.00,SMALL
FORD,FOCUS,2015,Fanthom Blue,40738FFO42646,4,17170.00,SMALL
FORD,FOCUS,2015,Siren Red,11779FFO12775,4,17170.00,SMALL
FORD,FOCUS,2015,Pewter Metallic,99021FFO97894,4,17170.00,SMALL
FORD,FOCUS,2015,Jazz Blue,83296FFO50740,4,17170.00,SMALL
FORD,FOCUS,2015,Pomegranate Pearl,98433FFO35515,4,17170.00,SMALL
FORD,FOCUS,2015,Pitch Black Metallic,85635FFO30124,4,17170.00,SMALL
FORD,FOCUS,2015,Silver Ice Metallic,20711FFO30002,4,17170.00,SMALL
FORD,FOCUS,2015,Red Rock Metallic,69255FFO35947,4,17170.00,SMALL
FORD,FOCUS,2015,Fanthom Blue,73601FFO81029,4,17170.00,SMALL
FORD,FOCUS,2015,Granite Crystal Metallic,92609FFO62055,4,17170.00,SMALL
FORD,FOCUS,2015,Siren Red,65457FFO62711,4,17170.00,SMALL
FORD,FOCUS,2015,Siren Red,67172FFO45507,4,17170.00,SMALL
FORD,FOCUS,2015,Red Rock Metallic,79054FFO74213,4,17170.00,SMALL
FORD,FOCUS,2015,Silver Ice Metallic,17610FFO46463,4,17170.00,SMALL
FORD,FOCUS,2015,Jazz Blue,54443FFO66566,4,17170.00,SMALL
FORD,FOCUS,2015,Granite Crystal Metallic,72945FFO90742,4,17170.00,SMALL
FORD,FOCUS,2015,Silver Ice Metallic,38042FFO31757,4,17170.00,SMALL
FORD,FOCUS,2015,Basque Red Pearl,75667FFO90117,4,17170.00,SMALL
FORD,FOCUS,2015,Fanthom Blue,89371FFO47808,4,17170.00,SMALL
FORD,FOCUS,2015,Jazz Blue,53218FFO61609,4,17170.00,SMALL
FORD,FOCUS,2015,White Pearl,95528FFO61860,4,17170.00,SMALL
FORD,FOCUS,2015,White Pearl,17668FFO50351,4,17170.00,SMALL
FORD,FOCUS,2015,Fanthom Blue,30360FFO30363,4,17170.00,SMALL
FORD,FOCUS,2015,Pomegranate Pearl,90234FFO89512,4,17170.00,SMALL
FORD,FOCUS,2015,Granite Crystal Metallic,28834FFO37077,4,17170.00,SMALL
FORD,FOCUS,2015,Blue Metallic,21728FFO78981,4,17170.00,SMALL
FORD,FOCUS,2015,Blue Metallic,86460FFO31322,4,17170.00,SMALL
FORD,FOCUS,2015,Pewter Metallic,95840FFO31615,4,17170.00,SMALL
FORD,FOCUS,2015,Pomegranate Pearl,15700FFO54758,4,17170.00,SMALL
FORD,FOCUS,2015,Sable Metallic,55682FFO77749,4,17170.00,SMALL
FORD,FOCUS,2015,Pewter Metallic,83121FFO40351,4,17170.00,SMALL
FORD,FOCUS,2015,Pewter Metallic,50863FFO55060,4,17170.00,SMALL
FORD,FOCUS,2015,White Pearl,12912FFO85786,4,17170.00,SMALL
FORD,FOCUS,2015,Pewter Metallic,15032FFO68751,4,17170.00,SMALL
FORD,FOCUS,2015,Siren Red,97632FFO20021,4,17170.00,SMALL
FORD,FOCUS,2015,Basque Red Pearl,22696FFO69307,4,17170.00,SMALL
FORD,FOCUS,2015,Sable Metallic,29004FFO83850,4,17170.00,SMALL
FORD,FOCUS,2015,Siren Red,86199FFO14449,4,17170.00,SMALL
FORD,FOCUS,2015,Red Rock Metallic,38639FFO80252,4,17170.00,SMALL
FORD,FOCUS,2015,Sable Metallic,12982FFO19042,4,17170.00,SMALL
FORD,FOCUS,2015,Sable Metallic,69411FFO91538,4,17170.00,SMALL
FORD,FOCUS,2015,Tungsten Metallic,39371FFO70719,4,17170.00,SMALL
FORD,FOCUS,2015,Granite Crystal Metallic,35194FFO55804,4,17170.00,SMALL
FORD,FOCUS,2015,Red Rock Metallic,37801FFO24770,4,17170.00,SMALL
FORD,FOCUS,2015,Fanthom Blue,55716FFO79658,4,17170.00,SMALL
FORD,FOCUS,2015,Silver Ice Metallic,43969FFO67771,4,17170.00,SMALL
FORD,FOCUS,2015,Blue Metallic,28299FFO34189,4,17170.00,SMALL
FORD,FOCUS,2015,Silver Ice Metallic,54766FFO32226,4,17170.00,SMALL
FORD,FOCUS,2015,Basque Red Pearl,81182FFO99272,4,17170.00,SMALL
FORD,FOCUS,2015,Blue Metallic,61484FFO69939,4,17170.00,SMALL
FORD,FOCUS,2015,Pomegranate Pearl,84965FFO72390,4,17170.00,SMALL
FORD,FOCUS,2015,Jazz Blue,28174FFO14739,4,17170.00,SMALL
FORD,FOCUS,2015,White Pearl,15800FFO61733,4,17170.00,SMALL
FORD,FOCUS,2015,Granite Crystal Metallic,28086FFO59900,4,17170.00,SMALL
FORD,FOCUS,2015,Fanthom Blue,71785FFO69838,4,17170.00,SMALL
FORD,FOCUS,2015,Jazz Blue,48588FFO31595,4,17170.00,SMALL
FORD,FOCUS,2015,Pitch Black Metallic,90396FFO84724,4,17170.00,SMALL
FORD,FOCUS,2015,Pomegranate Pearl,57416FFO70695,4,17170.00,SMALL
FORD,FOCUS,2015,Pewter Metallic,36874FFO84995,4,17170.00,SMALL
FORD,FOCUS,2015,Pitch Black Metallic,20889FFO40630,4,17170.00,SMALL
FORD,FOCUS,2015,Tungsten Metallic,57969FFO99616,4,17170.00,SMALL
FORD,FOCUS,2015,Basque Red Pearl,18050FFO32020,4,17170.00,SMALL
FORD,FOCUS,2015,Basque Red Pearl,36764FFO37657,4,17170.00,SMALL
FORD,FOCUS,2015,Pewter Metallic,89776FFO63137,4,17170.00,SMALL
FORD,FOCUS,2015,Red Rock Metallic,73827FFO33164,4,17170.00,SMALL
FORD,FOCUS,2015,Pomegranate Pearl,15873FFO38178,4,17170.00,SMALL
FORD,FOCUS,2015,Red Rock Metallic,46492FFO96200,4,17170.00,SMALL
FORD,FOCUS,2015,White Pearl,15846FFO66032,4,17170.00,SMALL
FORD,FOCUS,2015,White Pearl,13297FFO46172,4,17170.00,SMALL
FORD,FOCUS,2015,Tungsten Metallic,13673FFO28251,4,17170.00,SMALL
FORD,FOCUS,2015,Pitch Black Metallic,24819FFO42214,4,17170.00,SMALL
FORD,FOCUS,2015,Jazz Blue,30225FFO86021,4,17170.00,SMALL
FORD,FOCUS,2015,Siren Red,95356FFO76317,4,17170.00,SMALL
FORD,FOCUS,2015,Pomegranate Pearl,48555FFO99297,4,17170.00,SMALL
FORD,FOCUS,2015,Fanthom Blue,74958FFO22679,4,17170.00,SMALL
FORD,FOCUS,2015,Blue Metallic,59171FFO35759,4,17170.00,SMALL
FORD,FOCUS,2015,Fanthom Blue,75429FFO32903,4,17170.00,SMALL
FORD,FOCUS,2015,Granite Crystal Metallic,96652FFO22281,4,17170.00,SMALL
FORD,FOCUS,2015,Silver Ice Metallic,55721FFO36980,4,17170.00,SMALL
FORD,FOCUS,2015,Blue Metallic,85712FFO37317,4,17170.00,SMALL
FORD,FOCUS,2015,Pomegranate Pearl,14582FFO85011,4,17170.00,SMALL
FORD,FOCUS,2015,Sable Metallic,24140FFO64915,4,17170.00,SMALL
FORD,FOCUS,2015,Granite Crystal Metallic,20017FFO99479,4,17170.00,SMALL
FORD,FOCUS,2015,Pitch Black Metallic,93740FFO38210,4,17170.00,SMALL
FORD,FOCUS,2015,Basque Red Pearl,32749FFO58632,4,17170.00,SMALL
FORD,FOCUS,2015,Silver Ice Metallic,64931FFO46093,4,17170.00,SMALL
FORD,FOCUS,2015,Tungsten Metallic,55062FFO64494,4,17170.00,SMALL
CHEVY,CAMARO ZL1,2015,Yellow,58157CCZ13388,8,57505.00,SPORT
CHEVY,CAMARO ZL1,2015,Red,36032CCZ79149,8,57505.00,SPORT
CHEVY,CAMARO ZL1,2015,Silver,53413CCZ73538,8,57505.00,SPORT
CHEVY,CAMARO ZL1,2015,Yellow,12348CCZ81058,8,57505.00,SPORT
CHEVY,CAMARO ZL1,2015,Silver,61578CCZ48697,8,57505.00,SPORT
CHEVY,CAMARO ZL1,2015,Silver,82601CCZ24014,8,57505.00,SPORT
CHEVY,CAMARO ZL1,2015,Red,60498CCZ92902,8,57505.00,SPORT
CHEVY,CAMARO ZL1,2015,Yellow,81490CCZ27177,8,57505.00,SPORT
CHEVY,CAMARO ZL1,2015,Silver,85975CCZ28041,8,57505.00,SPORT
CHEVY,CAMARO ZL1,2015,Silver,97770CCZ59945,8,57505.00,SPORT
CHEVY,CAMARO ZL1,2015,Red,78164CCZ80715,8,57505.00,SPORT
CHEVY,CAMARO ZL1,2015,Yellow,85756CCZ75542,8,57505.00,SPORT
CHEVY,CAMARO ZL1,2015,Red,37001CCZ52387,8,57505.00,SPORT
CHEVY,CAMARO ZL1,2015,Silver,73696CCZ25761,8,57505.00,SPORT
CHEVY,CAMARO ZL1,2015,Red,49998CCZ41000,8,57505.00,SPORT
CHEVY,CORVETTE,2015,Yellow,21867CCO86767,8,81200.00,SPORT
CHEVY,CORVETTE,2015,Red,44356CCO62979,8,81200.00,SPORT
CHEVY,CORVETTE,2015,Red,94916CCO78111,8,81200.00,SPORT
CHEVY,CORVETTE,2015,Yellow,62518CCO14115,8,81200.00,SPORT
CHEVY,CORVETTE,2015,Jazz Blue,43590CCO42798,8,81200.00,SPORT
CHEVY,CORVETTE,2015,Red,54980CCO47894,8,81200.00,SPORT
CHEVY,CORVETTE,2015,Yellow,36203CCO29849,8,81200.00,SPORT
CHEVY,CORVETTE,2015,Red,14652CCO80376,8,81200.00,SPORT
CHEVY,CORVETTE,2015,Red,53590CCO67340,8,81200.00,SPORT
CHEVY,CORVETTE,2015,Silver,94738CCO11800,8,81200.00,SPORT
DODGE,VIPER,2015,Red Rock Metallic,68280DVI99879,10,94995.00,SPORT
DODGE,VIPER,2015,Pewter Metallic,67485DVI67047,10,94995.00,SPORT
DODGE,VIPER,2015,Tungsten Metallic,31092DVI43688,10,94995.00,SPORT
DODGE,VIPER,2015,Siren Red,22935DVI66163,10,94995.00,SPORT
DODGE,VIPER,2015,Fanthom Blue,45774DVI53756,10,94995.00,SPORT
DODGE,VIPER,2015,Silver Ice Metallic,89570DVI54200,10,94995.00,SPORT
DODGE,VIPER,2015,Sable Metallic,53404DVI24131,10,94995.00,SPORT
DODGE,VIPER,2015,Blue Metallic,88844DVI74231,10,94995.00,SPORT
DODGE,VIPER,2015,Pomegranate Pearl,30501DVI19126,10,94995.00,SPORT
DODGE,VIPER,2015,White Pearl,22414DVI54998,10,94995.00,SPORT
TOYOTA,4RUNNER,2015,Basque Red Pearl,77890T4R21172,6,36115.00,SUV
TOYOTA,4RUNNER,2015,Tungsten Metallic,80530T4R75850,6,36115.00,SUV
TOYOTA,4RUNNER,2015,Siren Red,98197T4R61531,6,36115.00,SUV
TOYOTA,4RUNNER,2015,Basque Red Pearl,43217T4R13886,6,36115.00,SUV
TOYOTA,4RUNNER,2015,Granite Crystal Metallic,50521T4R32741,6,36115.00,SUV
TOYOTA,4RUNNER,2015,Pewter Metallic,67770T4R72898,6,36115.00,SUV
TOYOTA,4RUNNER,2015,Sable Metallic,87623T4R18889,6,36115.00,SUV
TOYOTA,4RUNNER,2015,Granite Crystal Metallic,87901T4R24117,6,36115.00,SUV
TOYOTA,4RUNNER,2015,Pewter Metallic,27165T4R70279,6,36115.00,SUV
TOYOTA,4RUNNER,2015,Jazz Blue,13472T4R59041,6,36115.00,SUV
TOYOTA,4RUNNER,2015,Pitch Black Metallic,36046T4R18962,6,36115.00,SUV
TOYOTA,4RUNNER,2015,White Pearl,60383T4R62818,6,36115.00,SUV
TOYOTA,4RUNNER,2015,Fanthom Blue,63122T4R64692,6,36115.00,SUV
TOYOTA,4RUNNER,2015,Fanthom Blue,43112T4R22082,6,36115.00,SUV
TOYOTA,4RUNNER,2015,Red Rock Metallic,49511T4R67374,6,36115.00,SUV
TOYOTA,4RUNNER,2015,Sable Metallic,27056T4R56216,6,36115.00,SUV
TOYOTA,4RUNNER,2015,Fanthom Blue,48507T4R82050,6,36115.00,SUV
TOYOTA,4RUNNER,2015,Silver Ice Metallic,92511T4R27670,6,36115.00,SUV
TOYOTA,4RUNNER,2015,Fanthom Blue,34238T4R46199,6,36115.00,SUV
TOYOTA,4RUNNER,2015,Siren Red,66649T4R58673,6,36115.00,SUV
TOYOTA,4RUNNER,2015,Silver Ice Metallic,91106T4R75462,6,36115.00,SUV
TOYOTA,4RUNNER,2015,Pitch Black Metallic,84240T4R32076,6,36115.00,SUV
TOYOTA,4RUNNER,2015,Pomegranate Pearl,20383T4R72940,6,36115.00,SUV
TOYOTA,4RUNNER,2015,Tungsten Metallic,80499T4R57115,6,36115.00,SUV
TOYOTA,4RUNNER,2015,Silver Ice Metallic,86723T4R84163,6,36115.00,SUV
TOYOTA,4RUNNER,2015,Tungsten Metallic,60597T4R74908,6,36115.00,SUV
TOYOTA,4RUNNER,2015,Jazz Blue,56744T4R51103,6,36115.00,SUV
TOYOTA,4RUNNER,2015,Blue Metallic,85060T4R43155,6,36115.00,SUV
TOYOTA,4RUNNER,2015,Red Rock Metallic,14694T4R24890,6,36115.00,SUV
TOYOTA,4RUNNER,2015,Pomegranate Pearl,42654T4R39376,6,36115.00,SUV
TOYOTA,4RUNNER,2015,Siren Red,70146T4R62333,6,36115.00,SUV
TOYOTA,4RUNNER,2015,Red Rock Metallic,87505T4R88759,6,36115.00,SUV
TOYOTA,4RUNNER,2015,Fanthom Blue,44954T4R48618,6,36115.00,SUV
TOYOTA,4RUNNER,2015,Pomegranate Pearl,34175T4R66471,6,36115.00,SUV
TOYOTA,4RUNNER,2015,Pitch Black Metallic,37738T4R13586,6,36115.00,SUV
TOYOTA,4RUNNER,2015,Pomegranate Pearl,27181T4R55312,6,36115.00,SUV
TOYOTA,4RUNNER,2015,Pitch Black Metallic,42753T4R25898,6,36115.00,SUV
TOYOTA,4RUNNER,2015,Basque Red Pearl,22934T4R96640,6,36115.00,SUV
TOYOTA,4RUNNER,2015,Basque Red Pearl,90612T4R25136,6,36115.00,SUV
TOYOTA,4RUNNER,2015,Blue Metallic,62143T4R91039,6,36115.00,SUV
TOYOTA,4RUNNER,2015,White Pearl,56406T4R88801,6,36115.00,SUV
TOYOTA,4RUNNER,2015,Granite Crystal Metallic,82053T4R35607,6,36115.00,SUV
TOYOTA,4RUNNER,2015,Pewter Metallic,11925T4R54299,6,36115.00,SUV
TOYOTA,4RUNNER,2015,Granite Crystal Metallic,54423T4R31989,6,36115.00,SUV
TOYOTA,4RUNNER,2015,Sable Metallic,79802T4R35926,6,36115.00,SUV
TOYOTA,4RUNNER,2015,White Pearl,29313T4R91087,6,36115.00,SUV
TOYOTA,4RUNNER,2015,Jazz Blue,92892T4R17987,6,36115.00,SUV
TOYOTA,4RUNNER,2015,Jazz Blue,79501T4R59636,6,36115.00,SUV
TOYOTA,4RUNNER,2015,Pewter Metallic,60393T4R95286,6,36115.00,SUV
TOYOTA,4RUNNER,2015,Blue Metallic,79235T4R90204,6,36115.00,SUV
FORD,EXPEDITION,2015,Red Rock Metallic,27647FEP16141,6,47567.00,SUV
FORD,EXPEDITION,2015,Pewter Metallic,43638FEP46130,6,47567.00,SUV
FORD,EXPEDITION,2015,Tungsten Metallic,59168FEP91910,6,47567.00,SUV
FORD,EXPEDITION,2015,Tungsten Metallic,12831FEP99852,6,47567.00,SUV
FORD,EXPEDITION,2015,Basque Red Pearl,40071FEP71803,6,47567.00,SUV
FORD,EXPEDITION,2015,Fanthom Blue,81676FEP43797,6,47567.00,SUV
FORD,EXPEDITION,2015,Sable Metallic,14745FEP62223,6,47567.00,SUV
FORD,EXPEDITION,2015,Pomegranate Pearl,61630FEP80227,6,47567.00,SUV
FORD,EXPEDITION,2015,Siren Red,97244FEP35789,6,47567.00,SUV
FORD,EXPEDITION,2015,Pewter Metallic,88482FEP26457,6,47567.00,SUV
FORD,EXPEDITION,2015,Silver Ice Metallic,30903FEP83276,6,47567.00,SUV
FORD,EXPEDITION,2015,Blue Metallic,55892FEP22284,6,47567.00,SUV
FORD,EXPEDITION,2015,Sable Metallic,27216FEP14491,6,47567.00,SUV
FORD,EXPEDITION,2015,White Pearl,97994FEP92437,6,47567.00,SUV
FORD,EXPEDITION,2015,Red Rock Metallic,39630FEP64660,6,47567.00,SUV
FORD,EXPEDITION,2015,Silver Ice Metallic,47150FEP56110,6,47567.00,SUV
FORD,EXPEDITION,2015,Jazz Blue,56971FEP69462,6,47567.00,SUV
FORD,EXPEDITION,2015,Fanthom Blue,34541FEP47337,6,47567.00,SUV
FORD,EXPEDITION,2015,Siren Red,54233FEP24626,6,47567.00,SUV
FORD,EXPEDITION,2015,White Pearl,92936FEP55843,6,47567.00,SUV
FORD,EXPEDITION,2015,Basque Red Pearl,98340FEP94176,6,47567.00,SUV
FORD,EXPEDITION,2015,Pewter Metallic,71056FEP57776,6,47567.00,SUV
FORD,EXPEDITION,2015,Silver Ice Metallic,88073FEP55937,6,47567.00,SUV
FORD,EXPEDITION,2015,Blue Metallic,31141FEP13716,6,47567.00,SUV
FORD,EXPEDITION,2015,Granite Crystal Metallic,14202FEP61024,6,47567.00,SUV
FORD,EXPEDITION,2015,Red Rock Metallic,32642FEP40753,6,47567.00,SUV
FORD,EXPEDITION,2015,Tungsten Metallic,19523FEP80762,6,47567.00,SUV
FORD,EXPEDITION,2015,Pewter Metallic,46672FEP89833,6,47567.00,SUV
FORD,EXPEDITION,2015,Tungsten Metallic,69326FEP33663,6,47567.00,SUV
FORD,EXPEDITION,2015,Jazz Blue,37972FEP82959,6,47567.00,SUV
FORD,EXPEDITION,2015,Red Rock Metallic,82679FEP82565,6,47567.00,SUV
FORD,EXPEDITION,2015,Sable Metallic,60934FEP47159,6,47567.00,SUV
FORD,EXPEDITION,2015,Pomegranate Pearl,79603FEP91925,6,47567.00,SUV
FORD,EXPEDITION,2015,Pomegranate Pearl,95793FEP55417,6,47567.00,SUV
FORD,EXPEDITION,2015,Silver Ice Metallic,17491FEP76366,6,47567.00,SUV
FORD,EXPEDITION,2015,Blue Metallic,84241FEP21852,6,47567.00,SUV
FORD,EXPEDITION,2015,Granite Crystal Metallic,56224FEP36159,6,47567.00,SUV
FORD,EXPEDITION,2015,White Pearl,65864FEP29130,6,47567.00,SUV
FORD,EXPEDITION,2015,Pitch Black Metallic,83685FEP53678,6,47567.00,SUV
FORD,EXPEDITION,2015,Basque Red Pearl,99344FEP63897,6,47567.00,SUV
FORD,EXPEDITION,2015,White Pearl,63700FEP15557,6,47567.00,SUV
FORD,EXPEDITION,2015,Pitch Black Metallic,11666FEP91919,6,47567.00,SUV
FORD,EXPEDITION,2015,Sable Metallic,70008FEP36780,6,47567.00,SUV
FORD,EXPEDITION,2015,Fanthom Blue,72214FEP70341,6,47567.00,SUV
FORD,EXPEDITION,2015,Siren Red,12858FEP68108,6,47567.00,SUV
FORD,EXPEDITION,2015,Blue Metallic,64835FEP79939,6,47567.00,SUV
FORD,EXPEDITION,2015,Siren Red,39079FEP64976,6,47567.00,SUV
FORD,EXPEDITION,2015,Jazz Blue,46283FEP36304,6,47567.00,SUV
FORD,EXPEDITION,2015,Pitch Black Metallic,16032FEP37089,6,47567.00,SUV
FORD,EXPEDITION,2015,Granite Crystal Metallic,19460FEP33632,6,47567.00,SUV
FORD,EXPLORER,2015,Fanthom Blue,83043FEX72487,6,38256.00,SUV
FORD,EXPLORER,2015,Red Rock Metallic,82502FEX38606,6,38256.00,SUV
FORD,EXPLORER,2015,Granite Crystal Metallic,49263FEX62997,6,38256.00,SUV
FORD,EXPLORER,2015,Fanthom Blue,94213FEX47943,6,38256.00,SUV
FORD,EXPLORER,2015,Jazz Blue,77559FEX34141,6,38256.00,SUV
FORD,EXPLORER,2015,Pitch Black Metallic,50708FEX26135,6,38256.00,SUV
FORD,EXPLORER,2015,Red Rock Metallic,16181FEX21861,6,38256.00,SUV
FORD,EXPLORER,2015,Tungsten Metallic,47990FEX64120,6,38256.00,SUV
FORD,EXPLORER,2015,Pewter Metallic,18097FEX56651,6,38256.00,SUV
FORD,EXPLORER,2015,Red Rock Metallic,56868FEX36146,6,38256.00,SUV
FORD,EXPLORER,2015,Sable Metallic,64642FEX31427,6,38256.00,SUV
FORD,EXPLORER,2015,White Pearl,58485FEX15250,6,38256.00,SUV
FORD,EXPLORER,2015,Tungsten Metallic,59159FEX48169,6,38256.00,SUV
FORD,EXPLORER,2015,White Pearl,27542FEX63322,6,38256.00,SUV
FORD,EXPLORER,2015,Blue Metallic,39798FEX33191,6,38256.00,SUV
FORD,EXPLORER,2015,Basque Red Pearl,93885FEX46722,6,38256.00,SUV
FORD,EXPLORER,2015,Siren Red,24767FEX63938,6,38256.00,SUV
FORD,EXPLORER,2015,Sable Metallic,80489FEX86801,6,38256.00,SUV
FORD,EXPLORER,2015,Siren Red,41700FEX98188,6,38256.00,SUV
FORD,EXPLORER,2015,Pewter Metallic,62637FEX69324,6,38256.00,SUV
FORD,EXPLORER,2015,Jazz Blue,29804FEX18340,6,38256.00,SUV
FORD,EXPLORER,2015,Jazz Blue,15849FEX84686,6,38256.00,SUV
FORD,EXPLORER,2015,Granite Crystal Metallic,33677FEX34985,6,38256.00,SUV
FORD,EXPLORER,2015,Pomegranate Pearl,13421FEX55420,6,38256.00,SUV
FORD,EXPLORER,2015,Blue Metallic,93001FEX15166,6,38256.00,SUV
FORD,EXPLORER,2015,Granite Crystal Metallic,50978FEX54693,6,38256.00,SUV
FORD,EXPLORER,2015,Silver Ice Metallic,20551FEX41165,6,38256.00,SUV
FORD,EXPLORER,2015,Pitch Black Metallic,77814FEX75348,6,38256.00,SUV
FORD,EXPLORER,2015,Silver Ice Metallic,95834FEX83161,6,38256.00,SUV
FORD,EXPLORER,2015,Tungsten Metallic,40464FEX36695,6,38256.00,SUV
FORD,EXPLORER,2015,Sable Metallic,15497FEX94015,6,38256.00,SUV
FORD,EXPLORER,2015,Blue Metallic,12664FEX51847,6,38256.00,SUV
FORD,EXPLORER,2015,Sable Metallic,41088FEX53244,6,38256.00,SUV
FORD,EXPLORER,2015,Basque Red Pearl,40352FEX35674,6,38256.00,SUV
FORD,EXPLORER,2015,Pewter Metallic,95971FEX22214,6,38256.00,SUV
FORD,EXPLORER,2015,Basque Red Pearl,70752FEX79544,6,38256.00,SUV
FORD,EXPLORER,2015,White Pearl,95397FEX63061,6,38256.00,SUV
FORD,EXPLORER,2015,Silver Ice Metallic,55015FEX57852,6,38256.00,SUV
FORD,EXPLORER,2015,Fanthom Blue,49342FEX11759,6,38256.00,SUV
FORD,EXPLORER,2015,Pewter Metallic,63101FEX21617,6,38256.00,SUV
FORD,EXPLORER,2015,Pomegranate Pearl,40464FEX57588,6,38256.00,SUV
FORD,EXPLORER,2015,Red Rock Metallic,58815FEX51415,6,38256.00,SUV
FORD,EXPLORER,2015,Pitch Black Metallic,72095FEX48546,6,38256.00,SUV
FORD,EXPLORER,2015,Pomegranate Pearl,99469FEX29401,6,38256.00,SUV
FORD,EXPLORER,2015,White Pearl,26258FEX35288,6,38256.00,SUV
FORD,EXPLORER,2015,Tungsten Metallic,28914FEX75614,6,38256.00,SUV
FORD,EXPLORER,2015,Siren Red,76824FEX83837,6,38256.00,SUV
FORD,EXPLORER,2015,Siren Red,91785FEX48476,6,38256.00,SUV
FORD,EXPLORER,2015,Silver Ice Metallic,55883FEX63718,6,38256.00,SUV
FORD,EXPLORER,2015,Pomegranate Pearl,35608FEX70324,6,38256.00,SUV
CHEVY,TRAVERSE,2015,Tungsen,95150CTR26360,6,30995.00,SUV
CHEVY,TRAVERSE,2015,Silver,42175CTR90518,6,30995.00,SUV
CHEVY,TRAVERSE,2015,Gray,37171CTR50475,6,30995.00,SUV
CHEVY,TRAVERSE,2015,White,21132CTR44745,6,30995.00,SUV
CHEVY,TRAVERSE,2015,Champagne,73258CTR77073,6,30995.00,SUV
CHEVY,TRAVERSE,2015,Gray,28826CTR24437,6,30995.00,SUV
CHEVY,TRAVERSE,2015,White,33333CTR32612,6,30995.00,SUV
CHEVY,TRAVERSE,2015,Silver,85904CTR88850,6,30995.00,SUV
CHEVY,TRAVERSE,2015,Tungsen,51118CTR53272,6,30995.00,SUV
CHEVY,TRAVERSE,2015,Silver,12325CTR27597,6,30995.00,SUV
CHEVY,TRAVERSE,2015,Gray,63315CTR23024,6,30995.00,SUV
CHEVY,TRAVERSE,2015,White,20942CTR72664,6,30995.00,SUV
CHEVY,TRAVERSE,2015,Silver,13771CTR22996,6,30995.00,SUV
CHEVY,TRAVERSE,2015,Champagne,76452CTR50985,6,30995.00,SUV
CHEVY,TRAVERSE,2015,Champagne,57135CTR60340,6,30995.00,SUV
CHEVY,TRAVERSE,2015,Silver,91829CTR58421,6,30995.00,SUV
CHEVY,TRAVERSE,2015,Champagne,53535CTR25620,6,30995.00,SUV
CHEVY,TRAVERSE,2015,Silver,78806CTR95982,6,30995.00,SUV
CHEVY,TRAVERSE,2015,Tungsen,45683CTR36853,6,30995.00,SUV
CHEVY,TRAVERSE,2015,Silver,49839CTR52359,6,30995.00,SUV
CHEVY,TRAVERSE,2015,Silver,69506CTR69397,6,30995.00,SUV
CHEVY,TRAVERSE,2015,White,18740CTR37402,6,30995.00,SUV
CHEVY,TRAVERSE,2015,Gray,29801CTR39267,6,30995.00,SUV
CHEVY,TRAVERSE,2015,Gray,14434CTR97426,6,30995.00,SUV
CHEVY,TRAVERSE,2015,Tungsen,40972CTR93394,6,30995.00,SUV
CHEVY,TRAVERSE,2015,Tungsen,90436CTR85256,6,30995.00,SUV
CHEVY,TRAVERSE,2015,Tungsen,51449CTR37517,6,30995.00,SUV
CHEVY,TRAVERSE,2015,Silver,84168CTR85265,6,30995.00,SUV
CHEVY,TRAVERSE,2015,Gray,25693CTR84858,6,30995.00,SUV
CHEVY,TRAVERSE,2015,Silver,47975CTR62890,6,30995.00,SUV
CHEVY,TRAVERSE,2015,Gray,32537CTR33916,6,30995.00,SUV
CHEVY,TRAVERSE,2015,White,79583CTR15778,6,30995.00,SUV
CHEVY,TRAVERSE,2015,Champagne,15625CTR25804,6,30995.00,SUV
CHEVY,TRAVERSE,2015,Champagne,36281CTR78626,6,30995.00,SUV
CHEVY,TRAVERSE,2015,Silver,75235CTR98744,6,30995.00,SUV
CHEVY,TRAVERSE,2015,Tungsen,27378CTR67170,6,30995.00,SUV
CHEVY,TRAVERSE,2015,Gray,85816CTR93832,6,30995.00,SUV
CHEVY,TRAVERSE,2015,Champagne,59989CTR45919,6,30995.00,SUV
CHEVY,TRAVERSE,2015,Champagne,63909CTR50330,6,30995.00,SUV
CHEVY,TRAVERSE,2015,Silver,60883CTR18569,6,30995.00,SUV
CHEVY,TRAVERSE,2015,Silver,27517CTR82058,6,30995.00,SUV
CHEVY,TRAVERSE,2015,Silver,14017CTR69388,6,30995.00,SUV
CHEVY,TRAVERSE,2015,Silver,80436CTR44962,6,30995.00,SUV
CHEVY,TRAVERSE,2015,Silver,51088CTR26166,6,30995.00,SUV
CHEVY,TRAVERSE,2015,Silver,89858CTR28162,6,30995.00,SUV
CHEVY,TRAVERSE,2015,Gray,75355CTR37917,6,30995.00,SUV
CHEVY,TRAVERSE,2015,Silver,92266CTR29810,6,30995.00,SUV
CHEVY,TRAVERSE,2015,Gray,71144CTR40974,6,30995.00,SUV
CHEVY,TRAVERSE,2015,Silver,72875CTR23662,6,30995.00,SUV
CHEVY,TRAVERSE,2015,Silver,35607CTR58132,6,30995.00,SUV
DODGE,CARAVAN,2015,Jazz Blue,36519DCA54343,6,23395.00,VAN
DODGE,CARAVAN,2015,Pitch Black Metallic,87377DCA87388,6,23395.00,VAN
DODGE,CARAVAN,2015,Silver Ice Metallic,18413DCA86328,6,23395.00,VAN
DODGE,CARAVAN,2015,Blue Metallic,13265DCA66825,6,23395.00,VAN
DODGE,CARAVAN,2015,Fanthom Blue,56278DCA80390,6,23395.00,VAN
DODGE,CARAVAN,2015,Pewter Metallic,27368DCA51189,6,23395.00,VAN
DODGE,CARAVAN,2015,Tungsten Metallic,95834DCA57447,6,23395.00,VAN
DODGE,CARAVAN,2015,Jazz Blue,25195DCA69208,6,23395.00,VAN
DODGE,CARAVAN,2015,Fanthom Blue,31247DCA43514,6,23395.00,VAN
DODGE,CARAVAN,2015,Granite Crystal Metallic,42754DCA75037,6,23395.00,VAN
DODGE,CARAVAN,2015,Basque Red Pearl,19693DCA15247,6,23395.00,VAN
DODGE,CARAVAN,2015,Siren Red,38224DCA90930,6,23395.00,VAN
DODGE,CARAVAN,2015,Blue Metallic,36003DCA25159,6,23395.00,VAN
DODGE,CARAVAN,2015,Granite Crystal Metallic,75030DCA66676,6,23395.00,VAN
DODGE,CARAVAN,2015,Pitch Black Metallic,84317DCA51319,6,23395.00,VAN
DODGE,CARAVAN,2015,Red Rock Metallic,70832DCA48332,6,23395.00,VAN
DODGE,CARAVAN,2015,Siren Red,92899DCA50842,6,23395.00,VAN
DODGE,CARAVAN,2015,Pomegranate Pearl,84434DCA98368,6,23395.00,VAN
DODGE,CARAVAN,2015,Tungsten Metallic,45669DCA14300,6,23395.00,VAN
DODGE,CARAVAN,2015,Basque Red Pearl,89557DCA24065,6,23395.00,VAN
DODGE,CARAVAN,2015,Sable Metallic,89985DCA52715,6,23395.00,VAN
DODGE,CARAVAN,2015,Sable Metallic,48209DCA66611,6,23395.00,VAN
DODGE,CARAVAN,2015,Red Rock Metallic,83231DCA16024,6,23395.00,VAN
DODGE,CARAVAN,2015,Pomegranate Pearl,12322DCA95349,6,23395.00,VAN
DODGE,CARAVAN,2015,White Pearl,65253DCA12611,6,23395.00,VAN
GMC,SAVANA PASSENGER,2015,Fanthom Blue,81068GSP42034,6,34210.00,VAN
GMC,SAVANA PASSENGER,2015,Silver Ice Metallic,98883GSP90385,6,34210.00,VAN
GMC,SAVANA PASSENGER,2015,Basque Red Pearl,49006GSP28816,6,34210.00,VAN
GMC,SAVANA PASSENGER,2015,Sable Metallic,60720GSP25294,6,34210.00,VAN
GMC,SAVANA PASSENGER,2015,Red Rock Metallic,88653GSP71560,6,34210.00,VAN
GMC,SAVANA PASSENGER,2015,Fanthom Blue,83528GSP40643,6,34210.00,VAN
GMC,SAVANA PASSENGER,2015,Silver Ice Metallic,22786GSP50881,6,34210.00,VAN
GMC,SAVANA PASSENGER,2015,Pewter Metallic,95672GSP69320,6,34210.00,VAN
GMC,SAVANA PASSENGER,2015,White Pearl,23311GSP44371,6,34210.00,VAN
GMC,SAVANA PASSENGER,2015,Siren Red,80137GSP40977,6,34210.00,VAN
GMC,SAVANA PASSENGER,2015,Sable Metallic,56024GSP90279,6,34210.00,VAN
GMC,SAVANA PASSENGER,2015,White Pearl,22637GSP84429,6,34210.00,VAN
GMC,SAVANA PASSENGER,2015,Pomegranate Pearl,19526GSP22656,6,34210.00,VAN
GMC,SAVANA PASSENGER,2015,Siren Red,90236GSP56225,6,34210.00,VAN
GMC,SAVANA PASSENGER,2015,Tungsten Metallic,11218GSP35686,6,34210.00,VAN
GMC,SAVANA PASSENGER,2015,Granite Crystal Metallic,61166GSP35358,6,34210.00,VAN
GMC,SAVANA PASSENGER,2015,Pomegranate Pearl,57275GSP60306,6,34210.00,VAN
GMC,SAVANA PASSENGER,2015,Basque Red Pearl,85749GSP80808,6,34210.00,VAN
GMC,SAVANA PASSENGER,2015,Granite Crystal Metallic,48867GSP99883,6,34210.00,VAN
GMC,SAVANA PASSENGER,2015,Pitch Black Metallic,56800GSP77997,6,34210.00,VAN
GMC,SAVANA PASSENGER,2015,Pewter Metallic,78378GSP87463,6,34210.00,VAN
GMC,SAVANA PASSENGER,2015,Blue Metallic,76116GSP26370,6,34210.00,VAN
GMC,SAVANA PASSENGER,2015,Pitch Black Metallic,65845GSP43848,6,34210.00,VAN
GMC,SAVANA PASSENGER,2015,Jazz Blue,46845GSP82123,6,34210.00,VAN
GMC,SAVANA PASSENGER,2015,Red Rock Metallic,48693GSP38677,6,34210.00,VAN
TOYOTA,SIENNA,2015,Granite Crystal Metallic,61190TSI48194,6,31330.00,VAN
TOYOTA,SIENNA,2015,Pewter Metallic,66482TSI34269,6,31330.00,VAN
TOYOTA,SIENNA,2015,Pewter Metallic,23761TSI18019,6,31330.00,VAN
TOYOTA,SIENNA,2015,Silver Ice Metallic,67522TSI77178,6,31330.00,VAN
TOYOTA,SIENNA,2015,White Pearl,50029TSI99600,6,31330.00,VAN
TOYOTA,SIENNA,2015,Pomegranate Pearl,38827TSI44842,6,31330.00,VAN
TOYOTA,SIENNA,2015,Blue Metallic,39239TSI15668,6,31330.00,VAN
TOYOTA,SIENNA,2015,White Pearl,71185TSI68607,6,31330.00,VAN
TOYOTA,SIENNA,2015,Granite Crystal Metallic,43385TSI40763,6,31330.00,VAN
TOYOTA,SIENNA,2015,Pomegranate Pearl,83219TSI29061,6,31330.00,VAN
TOYOTA,SIENNA,2015,Jazz Blue,69527TSI42800,6,31330.00,VAN
TOYOTA,SIENNA,2015,Basque Red Pearl,98038TSI25928,6,31330.00,VAN
TOYOTA,SIENNA,2015,Sable Metallic,99910TSI98370,6,31330.00,VAN
TOYOTA,SIENNA,2015,Red Rock Metallic,47903TSI53178,6,31330.00,VAN
TOYOTA,SIENNA,2015,Tungsten Metallic,63850TSI39808,6,31330.00,VAN
TOYOTA,SIENNA,2015,Pitch Black Metallic,25493TSI90078,6,31330.00,VAN
TOYOTA,SIENNA,2015,Siren Red,92619TSI59492,6,31330.00,VAN
TOYOTA,SIENNA,2015,Tungsten Metallic,31868TSI52145,6,31330.00,VAN
TOYOTA,SIENNA,2015,Pitch Black Metallic,40568TSI29157,6,31330.00,VAN
TOYOTA,SIENNA,2015,Blue Metallic,98235TSI69415,6,31330.00,VAN
TOYOTA,SIENNA,2015,Fanthom Blue,26609TSI22628,6,31330.00,VAN
TOYOTA,SIENNA,2015,Jazz Blue,56159TSI85979,6,31330.00,VAN
TOYOTA,SIENNA,2015,Silver Ice Metallic,47382TSI32987,6,31330.00,VAN
TOYOTA,SIENNA,2015,Fanthom Blue,88991TSI89367,6,31330.00,VAN
TOYOTA,SIENNA,2015,Basque Red Pearl,70461TSI60958,6,31330.00,VAN